date,channel,finance_usd,reconciled_usd,diff,cancelled_included_by_finance,duplicates_double_counted,finance_cutoff_0204,fx_rate_difference,unexplained
2026-01-06,Direct,480.77,480.77,0.00,0.00,0.00,0.00,0.00,0.00
2026-01-06,Email,192.60,192.60,0.00,0.00,0.00,0.00,0.00,0.00
2026-01-06,Other,442.35,442.35,0.00,0.00,0.00,0.00,0.00,0.00
2026-01-06,Paid Search,142.62,142.62,0.00,0.00,0.00,0.00,0.00,0.00
2026-01-06,Paid Social,1057.16,1057.16,0.00,0.00,0.00,0.00,0.00,0.00
2026-01-07,Direct,0.00,0.00,0.00,0.00,0.00,0.00,0.00,0.00
2026-01-07,Email,696.67,696.67,0.00,0.00,0.00,0.00,0.00,0.00
2026-01-07,Other,159.51,159.51,0.00,0.00,0.00,0.00,0.00,0.00
2026-01-07,Paid Search,96.06,96.06,0.00,0.00,0.00,0.00,0.00,0.00
2026-01-07,Paid Social,1632.18,1632.18,0.00,0.00,0.00,0.00,0.00,0.00
2026-01-08,Direct,152.03,152.03,0.00,0.00,0.00,0.00,0.00,0.00
2026-01-08,Email,180.59,180.59,0.00,0.00,0.00,0.00,0.00,0.00
2026-01-08,Other,655.40,655.40,0.00,0.00,0.00,0.00,0.00,0.00
2026-01-08,Paid Search,426.05,426.05,0.00,0.00,0.00,0.00,0.00,0.00
2026-01-08,Paid Social,846.85,846.85,0.00,0.00,0.00,0.00,0.00,0.00
2026-01-09,Direct,354.66,354.66,0.00,0.00,0.00,0.00,0.00,0.00
2026-01-09,Email,69.73,69.73,0.00,0.00,0.00,0.00,0.00,0.00
2026-01-09,Other,467.45,467.45,0.00,0.00,0.00,0.00,0.00,0.00
2026-01-09,Paid Search,0.00,0.00,0.00,0.00,0.00,0.00,0.00,0.00
2026-01-09,Paid Social,1152.17,1152.17,0.00,0.00,0.00,0.00,0.00,0.00
2026-01-10,Direct,668.67,668.67,0.00,0.00,0.00,0.00,0.00,0.00
2026-01-10,Email,329.55,329.55,0.00,0.00,0.00,0.00,0.00,0.00
2026-01-10,Other,513.52,469.03,44.49,0.00,44.49,0.00,0.00,0.00
2026-01-10,Paid Search,85.84,85.84,0.00,0.00,0.00,0.00,0.00,0.00
2026-01-10,Paid Social,1210.31,1210.31,0.00,0.00,0.00,0.00,0.00,0.00
2026-01-11,Direct,183.30,183.30,0.00,0.00,0.00,0.00,0.00,0.00
2026-01-11,Email,266.44,266.44,0.00,0.00,0.00,0.00,0.00,0.00
2026-01-11,Other,1549.60,1549.60,0.00,0.00,0.00,0.00,0.00,0.00
2026-01-11,Paid Search,181.00,181.00,0.00,0.00,0.00,0.00,0.00,0.00
2026-01-11,Paid Social,1002.53,1002.53,0.00,0.00,0.00,0.00,0.00,0.00
2026-01-12,Direct,253.73,253.73,0.00,0.00,0.00,0.00,0.00,0.00
2026-01-12,Email,788.69,788.69,0.00,0.00,0.00,0.00,0.00,0.00
2026-01-12,Other,267.81,267.81,0.00,0.00,0.00,0.00,0.00,0.00
2026-01-12,Paid Search,529.53,529.53,0.00,0.00,0.00,0.00,0.00,0.00
2026-01-12,Paid Social,988.28,988.28,0.00,0.00,0.00,0.00,0.00,0.00
2026-01-13,Direct,342.35,277.16,65.19,0.00,65.19,0.00,0.00,0.00
2026-01-13,Email,320.49,320.49,0.00,0.00,0.00,0.00,0.00,0.00
2026-01-13,Other,659.41,659.41,0.00,0.00,0.00,0.00,0.00,0.00
2026-01-13,Paid Search,663.14,663.14,0.00,0.00,0.00,0.00,0.00,0.00
2026-01-13,Paid Social,1067.90,1067.90,0.00,0.00,0.00,0.00,0.00,0.00
2026-01-14,Direct,844.76,844.76,0.00,0.00,0.00,0.00,0.00,0.00
2026-01-14,Email,634.41,634.41,0.00,0.00,0.00,0.00,0.00,0.00
2026-01-14,Other,810.20,772.78,37.42,0.00,37.42,0.00,0.00,0.00
2026-01-14,Paid Search,686.65,686.65,0.00,0.00,0.00,0.00,0.00,0.00
2026-01-14,Paid Social,153.23,153.23,0.00,0.00,0.00,0.00,0.00,0.00
2026-01-15,Direct,152.19,152.19,0.00,0.00,0.00,0.00,0.00,0.00
2026-01-15,Email,260.05,260.05,0.00,0.00,0.00,0.00,0.00,0.00
2026-01-15,Other,419.33,378.57,40.76,40.76,0.00,0.00,0.00,0.00
2026-01-15,Paid Search,526.75,526.75,0.00,0.00,0.00,0.00,0.00,0.00
2026-01-15,Paid Social,208.93,208.93,0.00,0.00,0.00,0.00,0.00,0.00
2026-01-16,Direct,617.22,617.22,0.00,0.00,0.00,0.00,0.00,0.00
2026-01-16,Email,127.09,127.09,0.00,0.00,0.00,0.00,0.00,0.00
2026-01-16,Other,597.93,597.93,0.00,0.00,0.00,0.00,0.00,0.00
2026-01-16,Paid Search,210.90,210.90,0.00,0.00,0.00,0.00,0.00,0.00
2026-01-16,Paid Social,1087.44,907.99,179.45,179.45,0.00,0.00,0.00,0.00
2026-01-17,Direct,0.00,0.00,0.00,0.00,0.00,0.00,0.00,0.00
2026-01-17,Email,361.13,361.13,0.00,0.00,0.00,0.00,0.00,0.00
2026-01-17,Other,886.28,886.28,0.00,0.00,0.00,0.00,0.00,0.00
2026-01-17,Paid Search,117.89,117.89,0.00,0.00,0.00,0.00,0.00,0.00
2026-01-17,Paid Social,1311.76,1311.76,0.00,0.00,0.00,0.00,0.00,0.00
2026-01-18,Direct,210.50,210.50,0.00,0.00,0.00,0.00,0.00,0.00
2026-01-18,Email,184.47,184.47,0.00,0.00,0.00,0.00,0.00,0.00
2026-01-18,Other,857.60,857.60,0.00,0.00,0.00,0.00,0.00,0.00
2026-01-18,Paid Search,93.60,93.60,0.00,0.00,0.00,0.00,0.00,0.00
2026-01-18,Paid Social,1132.35,892.70,239.65,239.65,0.00,0.00,0.00,0.00
2026-01-19,Direct,180.11,180.11,0.00,0.00,0.00,0.00,0.00,0.00
2026-01-19,Email,201.99,201.99,0.00,0.00,0.00,0.00,0.00,0.00
2026-01-19,Other,944.03,944.03,0.00,0.00,0.00,0.00,0.00,0.00
2026-01-19,Paid Search,256.16,256.16,0.00,0.00,0.00,0.00,0.00,0.00
2026-01-19,Paid Social,1273.28,1273.28,0.00,0.00,0.00,0.00,0.00,0.00
2026-01-20,Direct,244.46,244.46,0.00,0.00,0.00,0.00,0.00,0.00
2026-01-20,Email,649.33,649.33,0.00,0.00,0.00,0.00,0.00,0.00
2026-01-20,Other,785.87,702.28,83.59,83.59,0.00,0.00,0.00,0.00
2026-01-20,Paid Search,464.71,228.93,235.78,235.78,0.00,0.00,0.00,0.00
2026-01-20,Paid Social,873.15,873.15,0.00,0.00,0.00,0.00,0.00,0.00
2026-01-21,Direct,119.46,119.46,0.00,0.00,0.00,0.00,0.00,0.00
2026-01-21,Email,0.00,0.00,0.00,0.00,0.00,0.00,0.00,0.00
2026-01-21,Other,857.60,857.60,0.00,0.00,0.00,0.00,0.00,0.00
2026-01-21,Paid Search,155.02,155.02,0.00,0.00,0.00,0.00,0.00,0.00
2026-01-21,Paid Social,1396.38,1194.07,202.31,202.31,0.00,0.00,0.00,0.00
2026-01-22,Direct,790.58,790.58,0.00,0.00,0.00,0.00,0.00,0.00
2026-01-22,Email,286.56,286.56,0.00,0.00,0.00,0.00,0.00,0.00
2026-01-22,Other,890.07,890.07,0.00,0.00,0.00,0.00,0.00,0.00
2026-01-22,Paid Search,259.09,259.09,0.00,0.00,0.00,0.00,0.00,0.00
2026-01-22,Paid Social,1056.21,1056.21,0.00,0.00,0.00,0.00,0.00,0.00
2026-01-23,Direct,612.39,612.39,0.00,0.00,0.00,0.00,0.00,0.00
2026-01-23,Email,446.36,446.36,0.00,0.00,0.00,0.00,0.00,0.00
2026-01-23,Other,95.95,95.95,0.00,0.00,0.00,0.00,0.00,0.00
2026-01-23,Paid Search,277.69,277.69,0.00,0.00,0.00,0.00,0.00,0.00
2026-01-23,Paid Social,1317.94,1317.94,0.00,0.00,0.00,0.00,0.00,0.00
2026-01-24,Direct,114.82,114.82,0.00,0.00,0.00,0.00,0.00,0.00
2026-01-24,Email,99.58,99.58,0.00,0.00,0.00,0.00,0.00,0.00
2026-01-24,Other,890.47,890.47,0.00,0.00,0.00,0.00,0.00,0.00
2026-01-24,Paid Search,521.54,521.54,0.00,0.00,0.00,0.00,0.00,0.00
2026-01-24,Paid Social,601.41,506.44,94.97,94.97,0.00,0.00,0.00,0.00
2026-01-25,Direct,0.00,0.00,0.00,0.00,0.00,0.00,0.00,0.00
2026-01-25,Email,275.73,275.73,0.00,0.00,0.00,0.00,0.00,0.00
2026-01-25,Other,403.13,403.13,0.00,0.00,0.00,0.00,0.00,0.00
2026-01-25,Paid Search,473.24,473.24,0.00,0.00,0.00,0.00,0.00,0.00
2026-01-25,Paid Social,1269.68,1269.68,0.00,0.00,0.00,0.00,0.00,0.00
2026-01-26,Direct,108.93,108.93,0.00,0.00,0.00,0.00,0.00,0.00
2026-01-26,Email,389.89,389.89,0.00,0.00,0.00,0.00,0.00,0.00
2026-01-26,Other,592.73,592.73,0.00,0.00,0.00,0.00,0.00,0.00
2026-01-26,Paid Search,23.23,23.23,0.00,0.00,0.00,0.00,0.00,0.00
2026-01-26,Paid Social,837.91,837.91,0.00,0.00,0.00,0.00,0.00,0.00
2026-01-27,Direct,118.47,118.47,0.00,0.00,0.00,0.00,0.00,0.00
2026-01-27,Email,529.44,529.44,0.00,0.00,0.00,0.00,0.00,0.00
2026-01-27,Other,933.37,933.37,0.00,0.00,0.00,0.00,0.00,0.00
2026-01-27,Paid Search,347.30,347.30,0.00,0.00,0.00,0.00,0.00,0.00
2026-01-27,Paid Social,1214.89,1214.89,0.00,0.00,0.00,0.00,0.00,0.00
2026-01-28,Direct,463.74,463.74,0.00,0.00,0.00,0.00,0.00,0.00
2026-01-28,Email,750.59,750.59,0.00,0.00,0.00,0.00,0.00,0.00
2026-01-28,Other,296.06,296.06,0.00,0.00,0.00,0.00,0.00,0.00
2026-01-28,Paid Search,382.60,269.90,112.70,112.70,0.00,0.00,0.00,0.00
2026-01-28,Paid Social,858.05,858.05,0.00,0.00,0.00,0.00,0.00,0.00
2026-01-29,Direct,217.88,217.88,0.00,0.00,0.00,0.00,0.00,0.00
2026-01-29,Email,241.44,241.44,0.00,0.00,0.00,0.00,0.00,0.00
2026-01-29,Other,114.63,61.85,52.78,52.78,0.00,0.00,0.00,0.00
2026-01-29,Paid Search,88.54,88.54,0.00,0.00,0.00,0.00,0.00,0.00
2026-01-29,Paid Social,932.48,785.13,147.35,147.35,0.00,0.00,0.00,0.00
2026-01-30,Direct,401.04,401.04,0.00,0.00,0.00,0.00,0.00,0.00
2026-01-30,Email,171.18,171.18,0.00,0.00,0.00,0.00,0.00,0.00
2026-01-30,Other,726.35,726.35,0.00,0.00,0.00,0.00,0.00,0.00
2026-01-30,Paid Search,104.06,104.06,0.00,0.00,0.00,0.00,0.00,0.00
2026-01-30,Paid Social,717.49,717.49,0.00,0.00,0.00,0.00,0.00,0.00
2026-01-31,Direct,359.75,359.75,0.00,0.00,0.00,0.00,0.00,0.00
2026-01-31,Email,711.53,711.53,0.00,0.00,0.00,0.00,0.00,0.00
2026-01-31,Other,270.89,270.89,0.00,0.00,0.00,0.00,0.00,0.00
2026-01-31,Paid Search,303.89,303.89,0.00,0.00,0.00,0.00,0.00,0.00
2026-01-31,Paid Social,1187.86,1187.86,0.00,0.00,0.00,0.00,0.00,0.00
2026-02-01,Direct,95.69,95.69,0.00,0.00,0.00,0.00,0.00,0.00
2026-02-01,Email,97.58,97.58,0.00,0.00,0.00,0.00,0.00,0.00
2026-02-01,Other,429.25,429.25,0.00,0.00,0.00,0.00,0.00,0.00
2026-02-01,Paid Search,718.32,718.32,0.00,0.00,0.00,0.00,0.00,0.00
2026-02-01,Paid Social,1548.84,1548.84,0.00,0.00,0.00,0.00,0.00,0.00
2026-02-02,Direct,306.94,306.94,0.00,0.00,0.00,0.00,0.00,0.00
2026-02-02,Email,481.04,481.04,0.00,0.00,0.00,0.00,0.00,0.00
2026-02-02,Other,1260.87,1260.87,0.00,0.00,0.00,0.00,0.00,0.00
2026-02-02,Paid Search,425.47,340.61,84.86,0.00,84.86,0.00,0.00,0.00
2026-02-02,Paid Social,866.65,866.65,0.00,0.00,0.00,0.00,0.00,0.00
2026-02-03,Direct,340.26,340.26,0.00,0.00,0.00,0.00,0.00,0.00
2026-02-03,Email,52.03,52.03,0.00,0.00,0.00,0.00,0.00,0.00
2026-02-03,Other,266.98,266.98,0.00,0.00,0.00,0.00,0.00,0.00
2026-02-03,Paid Search,534.98,534.98,0.00,0.00,0.00,0.00,0.00,0.00
2026-02-03,Paid Social,819.47,819.47,0.00,0.00,0.00,0.00,0.00,0.00
2026-02-04,Direct,199.87,663.58,-463.71,0.00,0.00,-463.71,0.00,0.00
2026-02-04,Email,102.87,288.77,-185.90,0.00,0.00,-185.90,0.00,0.00
2026-02-04,Other,444.14,444.14,0.00,0.00,0.00,0.00,0.00,0.00
2026-02-04,Paid Search,239.93,239.93,0.00,0.00,0.00,0.00,0.00,0.00
2026-02-04,Paid Social,1022.43,1084.57,-62.14,0.00,0.00,-62.14,0.00,0.00
