date,channel,revenue_usd,cad_net_native,orders,open_questions
2026-01-06,Direct,480.77,0.00,4,Q-REFUND-DATE
2026-01-06,Email,192.60,179.03,2,Q-FX
2026-01-06,Other,442.35,196.50,5,Q-FX;Q-TIKTOK
2026-01-06,Paid Search,142.62,0.00,1,
2026-01-06,Paid Social,1057.16,154.72,10,Q-FX;Q-CANCELLED;Q-FB-ORGANIC;Q-REFUND-DATE
2026-01-07,Direct,0.00,0.00,0,
2026-01-07,Email,696.67,0.00,5,
2026-01-07,Other,159.51,174.26,2,Q-FX;Q-TIKTOK
2026-01-07,Paid Search,96.06,129.81,1,Q-FX
2026-01-07,Paid Social,1632.18,106.33,13,Q-FX;Q-FB-ORGANIC
2026-01-08,Direct,152.03,156.24,2,Q-FX
2026-01-08,Email,180.59,0.00,3,
2026-01-08,Other,655.40,161.14,7,Q-FX;Q-TIKTOK
2026-01-08,Paid Search,426.05,59.97,4,Q-FX
2026-01-08,Paid Social,846.85,50.23,8,Q-FX;Q-FB-ORGANIC;Q-REFUND-DATE
2026-01-09,Direct,354.66,150.85,3,Q-FX
2026-01-09,Email,69.73,0.00,1,
2026-01-09,Other,467.45,191.34,4,Q-FX;Q-TIKTOK
2026-01-09,Paid Search,0.00,0.00,0,
2026-01-09,Paid Social,1152.17,142.17,10,Q-FX;Q-FB-ORGANIC
2026-01-10,Direct,668.67,0.00,5,
2026-01-10,Email,329.55,72.93,3,Q-FX
2026-01-10,Other,469.03,193.63,6,Q-FX;Q-TIKTOK;Q-REFUND-DATE
2026-01-10,Paid Search,85.84,0.00,1,Q-CANCELLED
2026-01-10,Paid Social,1210.31,441.88,10,Q-FX;Q-FB-ORGANIC;Q-REFUND-DATE
2026-01-11,Direct,183.30,89.98,2,Q-FX;Q-CANCELLED
2026-01-11,Email,266.44,168.86,3,Q-FX
2026-01-11,Other,1549.60,447.99,13,Q-FX;Q-CANCELLED;Q-TIKTOK
2026-01-11,Paid Search,181.00,0.00,1,
2026-01-11,Paid Social,1002.53,74.03,9,Q-FX;Q-FB-ORGANIC;Q-REFUND-DATE
2026-01-12,Direct,253.73,0.00,5,Q-REFUND-DATE
2026-01-12,Email,788.69,0.00,6,
2026-01-12,Other,267.81,109.71,3,Q-FX;Q-TIKTOK
2026-01-12,Paid Search,529.53,0.00,5,
2026-01-12,Paid Social,988.28,117.50,8,Q-FX;Q-FB-ORGANIC;Q-REFUND-DATE
2026-01-13,Direct,277.16,111.29,3,Q-FX
2026-01-13,Email,320.49,70.16,3,Q-FX
2026-01-13,Other,659.41,172.36,6,Q-FX;Q-TIKTOK;Q-REFUND-DATE
2026-01-13,Paid Search,663.14,362.83,8,Q-FX;Q-REFUND-DATE
2026-01-13,Paid Social,1067.90,563.80,10,Q-FX;Q-FB-ORGANIC
2026-01-14,Direct,844.76,134.71,6,Q-FX
2026-01-14,Email,634.41,316.76,4,Q-FX
2026-01-14,Other,772.78,49.09,8,Q-FX;Q-TIKTOK
2026-01-14,Paid Search,686.65,0.00,5,
2026-01-14,Paid Social,153.23,0.00,2,Q-FB-ORGANIC
2026-01-15,Direct,152.19,86.87,2,Q-FX
2026-01-15,Email,260.05,0.00,3,
2026-01-15,Other,378.57,165.37,4,Q-FX;Q-CANCELLED;Q-TIKTOK;Q-REFUND-DATE
2026-01-15,Paid Search,526.75,437.48,6,Q-FX
2026-01-15,Paid Social,208.93,133.71,3,Q-FX;Q-REFUND-DATE
2026-01-16,Direct,617.22,0.00,4,Q-CANCELLED
2026-01-16,Email,127.09,0.00,1,
2026-01-16,Other,597.93,270.36,5,Q-FX;Q-TIKTOK
2026-01-16,Paid Search,210.90,108.65,2,Q-FX
2026-01-16,Paid Social,907.99,247.71,7,Q-FX;Q-CANCELLED;Q-FB-ORGANIC
2026-01-17,Direct,0.00,0.00,0,
2026-01-17,Email,361.13,0.00,3,
2026-01-17,Other,886.28,29.52,8,Q-FX;Q-TIKTOK;Q-REFUND-DATE
2026-01-17,Paid Search,117.89,0.00,1,
2026-01-17,Paid Social,1311.76,0.00,11,Q-FB-ORGANIC;Q-REFUND-DATE
2026-01-18,Direct,210.50,0.00,2,
2026-01-18,Email,184.47,0.00,1,
2026-01-18,Other,857.60,0.00,7,Q-TIKTOK
2026-01-18,Paid Search,93.60,0.00,1,
2026-01-18,Paid Social,892.70,0.00,8,Q-CANCELLED;Q-FB-ORGANIC;Q-REFUND-DATE
2026-01-19,Direct,180.11,0.00,2,
2026-01-19,Email,201.99,272.96,2,Q-FX
2026-01-19,Other,944.03,172.84,7,Q-FX;Q-TIKTOK
2026-01-19,Paid Search,256.16,0.00,2,
2026-01-19,Paid Social,1273.28,0.00,9,Q-FB-ORGANIC
2026-01-20,Direct,244.46,0.00,3,
2026-01-20,Email,649.33,0.00,5,
2026-01-20,Other,702.28,202.75,5,Q-FX;Q-CANCELLED;Q-TIKTOK
2026-01-20,Paid Search,228.93,0.00,2,Q-CANCELLED
2026-01-20,Paid Social,873.15,181.82,10,Q-FX;Q-FB-ORGANIC;Q-REFUND-DATE
2026-01-21,Direct,119.46,0.00,1,
2026-01-21,Email,0.00,0.00,0,
2026-01-21,Other,857.60,193.34,7,Q-FX;Q-TIKTOK
2026-01-21,Paid Search,155.02,0.00,2,
2026-01-21,Paid Social,1194.07,274.50,11,Q-FX;Q-CANCELLED;Q-FB-ORGANIC
2026-01-22,Direct,790.58,87.52,6,Q-FX
2026-01-22,Email,286.56,127.26,3,Q-FX
2026-01-22,Other,890.07,170.01,7,Q-FX;Q-TIKTOK
2026-01-22,Paid Search,259.09,51.85,3,Q-FX
2026-01-22,Paid Social,1056.21,0.00,11,Q-FB-ORGANIC;Q-REFUND-DATE
2026-01-23,Direct,612.39,0.00,6,Q-REFUND-DATE
2026-01-23,Email,446.36,0.00,6,Q-REFUND-DATE
2026-01-23,Other,95.95,0.00,1,Q-CANCELLED
2026-01-23,Paid Search,277.69,127.71,2,Q-FX
2026-01-23,Paid Social,1317.94,319.48,11,Q-FX;Q-CANCELLED;Q-FB-ORGANIC;Q-REFUND-DATE
2026-01-24,Direct,114.82,0.00,2,
2026-01-24,Email,99.58,0.00,2,Q-REFUND-DATE
2026-01-24,Other,890.47,0.00,8,Q-TIKTOK
2026-01-24,Paid Search,521.54,0.00,3,
2026-01-24,Paid Social,506.44,0.00,5,Q-CANCELLED;Q-FB-ORGANIC
2026-01-25,Direct,0.00,0.00,0,
2026-01-25,Email,275.73,0.00,3,
2026-01-25,Other,403.13,0.00,4,Q-TIKTOK
2026-01-25,Paid Search,473.24,0.00,3,
2026-01-25,Paid Social,1269.68,45.41,12,Q-FX;Q-FB-ORGANIC
2026-01-26,Direct,108.93,0.00,1,
2026-01-26,Email,389.89,0.00,3,
2026-01-26,Other,592.73,240.65,6,Q-FX;Q-TIKTOK;Q-REFUND-DATE
2026-01-26,Paid Search,23.23,31.39,1,Q-FX
2026-01-26,Paid Social,837.91,0.00,9,Q-FB-ORGANIC;Q-REFUND-DATE
2026-01-27,Direct,118.47,160.10,1,Q-FX
2026-01-27,Email,529.44,0.00,5,
2026-01-27,Other,933.37,120.94,9,Q-FX;Q-TIKTOK;Q-REFUND-DATE
2026-01-27,Paid Search,347.30,0.00,2,
2026-01-27,Paid Social,1214.89,354.72,11,Q-FX;Q-FB-ORGANIC
2026-01-28,Direct,463.74,162.31,4,Q-FX
2026-01-28,Email,750.59,372.28,6,Q-FX
2026-01-28,Other,296.06,97.95,4,Q-FX;Q-TIKTOK
2026-01-28,Paid Search,269.90,55.87,3,Q-FX;Q-CANCELLED
2026-01-28,Paid Social,858.05,200.56,8,Q-FX;Q-FB-ORGANIC
2026-01-29,Direct,217.88,25.34,2,Q-FX
2026-01-29,Email,241.44,53.50,4,Q-FX
2026-01-29,Other,61.85,0.00,1,Q-CANCELLED;Q-TIKTOK
2026-01-29,Paid Search,88.54,119.65,1,Q-FX
2026-01-29,Paid Social,785.13,377.84,8,Q-FX;Q-CANCELLED;Q-FB-ORGANIC
2026-01-30,Direct,401.04,0.00,4,
2026-01-30,Email,171.18,0.00,1,
2026-01-30,Other,726.35,284.59,7,Q-FX;Q-TIKTOK
2026-01-30,Paid Search,104.06,0.00,1,
2026-01-30,Paid Social,717.49,0.00,6,Q-REFUND-DATE;Q-TEST-REFUND
2026-01-31,Direct,359.75,0.00,2,
2026-01-31,Email,711.53,93.20,7,Q-FX
2026-01-31,Other,270.89,0.00,3,Q-TIKTOK
2026-01-31,Paid Search,303.89,0.00,4,
2026-01-31,Paid Social,1187.86,411.89,11,Q-FX;Q-FB-ORGANIC;Q-REFUND-DATE
2026-02-01,Direct,95.69,0.00,1,
2026-02-01,Email,97.58,0.00,1,
2026-02-01,Other,429.25,0.00,4,Q-TIKTOK;Q-REFUND-DATE
2026-02-01,Paid Search,718.32,186.62,5,Q-FX
2026-02-01,Paid Social,1548.84,42.20,12,Q-FX;Q-CANCELLED;Q-FB-ORGANIC
2026-02-02,Direct,306.94,0.00,3,
2026-02-02,Email,481.04,193.70,4,Q-FX
2026-02-02,Other,1260.87,319.03,11,Q-FX;Q-TIKTOK
2026-02-02,Paid Search,340.61,0.00,4,Q-REFUND-DATE
2026-02-02,Paid Social,866.65,445.44,8,Q-FX;Q-FB-ORGANIC
2026-02-03,Direct,340.26,110.78,3,Q-FX
2026-02-03,Email,52.03,0.00,1,
2026-02-03,Other,266.98,0.00,2,Q-TIKTOK
2026-02-03,Paid Search,534.98,204.68,4,Q-FX;Q-REFUND-DATE
2026-02-03,Paid Social,819.47,42.17,9,Q-FX;Q-FB-ORGANIC
2026-02-04,Direct,663.58,423.34,5,Q-FX;Q-CANCELLED
2026-02-04,Email,288.77,0.00,3,
2026-02-04,Other,444.14,0.00,4,Q-TIKTOK
2026-02-04,Paid Search,239.93,0.00,3,Q-REFUND-DATE
2026-02-04,Paid Social,1084.57,76.66,12,Q-FX;Q-FB-ORGANIC;Q-REFUND-DATE
